{
    "learning_rate": 0.019333132642723086,
    "max_depth": 6,
    "n_estimators": 370,
    "subsample": 0.728034992108518
}